Metric,Value
Test Loss,5.648961067199707
Test MAE,6.086264133453369
