Metric,Value
Test Loss,5.567315578460693
Test MAE,5.955963611602783
