Metric,Value
Test Loss,5.934220314025879
Test MAE,5.954395294189453
