Metric,Value
Test Loss,5.514129161834717
Test MAE,5.756922245025635
